fact_id,layer,variant_a,variant_b,is_correct_a,is_correct_b,pair_type,sae_cosine_distance,sae_l2_distance,active_jaccard_distance
fact_0001,6,original,leading_space,True,False,correct_wrong,0.01919114589691162,9.123499870300293,0.25
fact_0001,6,original,trailing_space,True,True,correct_correct,0.009290099143981934,5.9573564529418945,0.17142857142857137
fact_0001,6,original,space_before_qmark,True,True,correct_correct,0.007326960563659668,5.303598880767822,0.17142857142857137
fact_0001,6,original,no_qmark,True,False,correct_wrong,0.03737187385559082,11.962950706481934,0.4666666666666667
fact_0001,6,original,lower_first_char,True,True,correct_correct,0.015610218048095703,7.703567028045654,0.17647058823529416
fact_0001,6,original,double_first_space,True,False,correct_wrong,0.015091776847839355,7.628868103027344,0.3055555555555556
fact_0001,6,leading_space,trailing_space,False,True,correct_wrong,0.027733147144317627,10.869084358215332,0.375
fact_0001,6,leading_space,space_before_qmark,False,True,correct_wrong,0.026528537273406982,10.616661071777344,0.375
fact_0001,6,leading_space,no_qmark,False,False,wrong_wrong,0.048538267612457275,14.206421852111816,0.5106382978723405
fact_0001,6,leading_space,lower_first_char,False,True,correct_wrong,0.033254265785217285,11.90109920501709,0.3421052631578947
fact_0001,6,leading_space,double_first_space,False,False,wrong_wrong,0.02344989776611328,9.993844985961914,0.32432432432432434
fact_0001,6,trailing_space,space_before_qmark,True,True,correct_correct,0.011996984481811523,6.777408123016357,0.21621621621621623
fact_0001,6,trailing_space,no_qmark,True,False,correct_wrong,0.04306066036224365,12.818113327026367,0.4893617021276596
fact_0001,6,trailing_space,lower_first_char,True,True,correct_correct,0.021953105926513672,9.098458290100098,0.2702702702702703
fact_0001,6,trailing_space,double_first_space,True,False,correct_wrong,0.017104625701904297,8.112593650817871,0.29729729729729726
fact_0001,6,space_before_qmark,no_qmark,True,False,correct_wrong,0.027496933937072754,10.270808219909668,0.34883720930232553
fact_0001,6,space_before_qmark,lower_first_char,True,True,correct_correct,0.01919311285018921,8.549683570861816,0.2702702702702703
fact_0001,6,space_before_qmark,double_first_space,True,False,correct_wrong,0.02072012424468994,8.943761825561523,0.3846153846153846
fact_0001,6,no_qmark,lower_first_char,False,True,correct_wrong,0.04778587818145752,13.439434051513672,0.43181818181818177
fact_0001,6,no_qmark,double_first_space,False,False,wrong_wrong,0.04586130380630493,13.291107177734375,0.5217391304347826
fact_0001,6,lower_first_char,double_first_space,True,False,correct_wrong,0.027231037616729736,10.204585075378418,0.3513513513513513
fact_0001,9,original,leading_space,True,False,correct_wrong,0.07200169563293457,15.100340843200684,0.3214285714285714
fact_0001,9,original,trailing_space,True,True,correct_correct,0.008301019668579102,5.312193870544434,0.1071428571428571
fact_0001,9,original,space_before_qmark,True,True,correct_correct,0.015869081020355225,7.165668487548828,0.1428571428571429
fact_0001,9,original,no_qmark,True,False,correct_wrong,0.03480339050292969,10.836956024169922,0.25
fact_0001,9,original,lower_first_char,True,True,correct_correct,0.04176497459411621,11.70930290222168,0.2068965517241379
fact_0001,9,original,double_first_space,True,False,correct_wrong,0.013811290264129639,6.76619291305542,0.14814814814814814
fact_0001,9,leading_space,trailing_space,False,True,correct_wrong,0.08068662881851196,16.233623504638672,0.3448275862068966
fact_0001,9,leading_space,space_before_qmark,False,True,correct_wrong,0.09382402896881104,17.214828491210938,0.3793103448275862
fact_0001,9,leading_space,no_qmark,False,False,wrong_wrong,0.12959754467010498,20.626564025878906,0.5
fact_0001,9,leading_space,lower_first_char,False,True,correct_wrong,0.10121345520019531,18.030500411987305,0.3793103448275862
fact_0001,9,leading_space,double_first_space,False,False,wrong_wrong,0.06287121772766113,14.28194522857666,0.2692307692307693
fact_0001,9,trailing_space,space_before_qmark,True,True,correct_correct,0.018094658851623535,7.786953449249268,0.1724137931034483
fact_0001,9,trailing_space,no_qmark,True,False,correct_wrong,0.04148757457733154,11.891523361206055,0.2727272727272727
fact_0001,9,trailing_space,lower_first_char,True,True,correct_correct,0.03894263505935669,11.42514705657959,0.1724137931034483
fact_0001,9,trailing_space,double_first_space,True,False,correct_wrong,0.009169697761535645,5.555785179138184,0.11111111111111116
fact_0001,9,space_before_qmark,no_qmark,True,False,correct_wrong,0.04554718732833862,12.377490997314453,0.303030303030303
fact_0001,9,space_before_qmark,lower_first_char,True,True,correct_correct,0.05309528112411499,13.194653511047363,0.2666666666666667
fact_0001,9,space_before_qmark,double_first_space,True,False,correct_wrong,0.02444779872894287,8.984530448913574,0.2142857142857143
fact_0001,9,no_qmark,lower_first_char,False,True,correct_wrong,0.04922175407409668,12.905716896057129,0.25
fact_0001,9,no_qmark,double_first_space,False,False,wrong_wrong,0.05300891399383545,13.406827926635742,0.36363636363636365
fact_0001,9,lower_first_char,double_first_space,True,False,correct_wrong,0.04067492485046387,11.633590698242188,0.2142857142857143
fact_0001,12,original,leading_space,True,False,correct_wrong,0.06293308734893799,18.76437759399414,0.39622641509433965
fact_0001,12,original,trailing_space,True,True,correct_correct,0.018468141555786133,9.58875560760498,0.18604651162790697
fact_0001,12,original,space_before_qmark,True,True,correct_correct,0.025356292724609375,11.132494926452637,0.25
fact_0001,12,original,no_qmark,True,False,correct_wrong,0.07655900716781616,20.082828521728516,0.48275862068965514
fact_0001,12,original,lower_first_char,True,True,correct_correct,0.03905421495437622,13.846850395202637,0.2790697674418605
fact_0001,12,original,double_first_space,True,False,correct_wrong,0.016897976398468018,9.164261817932129,0.1707317073170732
fact_0001,12,leading_space,trailing_space,False,True,correct_wrong,0.06156045198440552,18.560672760009766,0.3584905660377359
fact_0001,12,leading_space,space_before_qmark,False,True,correct_wrong,0.07562881708145142,20.522872924804688,0.4509803921568627
fact_0001,12,leading_space,no_qmark,False,False,wrong_wrong,0.11476755142211914,25.410261154174805,0.5522388059701493
fact_0001,12,leading_space,lower_first_char,False,True,correct_wrong,0.08475810289382935,21.64312744140625,0.4339622641509434
fact_0001,12,leading_space,double_first_space,False,False,wrong_wrong,0.05964255332946777,18.28312873840332,0.3846153846153846
fact_0001,12,trailing_space,space_before_qmark,True,True,correct_correct,0.03173726797103882,12.497572898864746,0.2857142857142857
fact_0001,12,trailing_space,no_qmark,True,False,correct_wrong,0.07250875234603882,19.571298599243164,0.4482758620689655
fact_0001,12,trailing_space,lower_first_char,True,True,correct_correct,0.04096269607543945,14.226685523986816,0.2727272727272727
fact_0001,12,trailing_space,double_first_space,True,False,correct_wrong,0.008562803268432617,6.539086818695068,0.07499999999999996
fact_0001,12,space_before_qmark,no_qmark,True,False,correct_wrong,0.07027649879455566,19.213552474975586,0.4528301886792453
fact_0001,12,space_before_qmark,lower_first_char,True,True,correct_correct,0.04694277048110962,15.005342483520508,0.30000000000000004
fact_0001,12,space_before_qmark,double_first_space,True,False,correct_wrong,0.02590101957321167,11.290745735168457,0.23076923076923073
fact_0001,12,no_qmark,lower_first_char,False,True,correct_wrong,0.09410715103149414,22.188234329223633,0.5172413793103448
fact_0001,12,no_qmark,double_first_space,False,False,wrong_wrong,0.0811191201210022,20.6803035736084,0.4736842105263158
fact_0001,12,lower_first_char,double_first_space,True,False,correct_wrong,0.05078834295272827,15.823284149169922,0.34090909090909094
fact_0002,6,original,leading_space,False,True,correct_wrong,0.017871856689453125,8.716194152832031,0.2777777777777778
fact_0002,6,original,trailing_space,False,False,wrong_wrong,0.01105654239654541,6.41670036315918,0.19444444444444442
fact_0002,6,original,space_before_qmark,False,False,wrong_wrong,0.004613041877746582,4.1495442390441895,0.09677419354838712
fact_0002,6,original,no_qmark,False,False,wrong_wrong,0.03520405292510986,11.478790283203125,0.45238095238095233
fact_0002,6,original,lower_first_char,False,False,wrong_wrong,0.019883036613464355,8.561844825744629,0.2571428571428571
fact_0002,6,original,double_first_space,False,False,wrong_wrong,0.011403679847717285,6.511716842651367,0.25
fact_0002,6,leading_space,trailing_space,True,False,correct_wrong,0.026233375072479248,10.428647994995117,0.36585365853658536
fact_0002,6,leading_space,space_before_qmark,True,False,correct_wrong,0.021439015865325928,9.471334457397461,0.3513513513513513
fact_0002,6,leading_space,no_qmark,True,False,correct_wrong,0.04694819450378418,13.788917541503906,0.5111111111111111
fact_0002,6,leading_space,lower_first_char,True,False,correct_wrong,0.03679215908050537,12.31505012512207,0.42500000000000004
fact_0002,6,leading_space,double_first_space,True,False,correct_wrong,0.020845770835876465,9.368715286254883,0.34285714285714286
fact_0002,6,trailing_space,space_before_qmark,False,False,wrong_wrong,0.01533353328704834,7.565719127655029,0.2702702702702703
fact_0002,6,trailing_space,no_qmark,False,False,wrong_wrong,0.04508817195892334,12.993678092956543,0.5106382978723405
fact_0002,6,trailing_space,lower_first_char,False,False,wrong_wrong,0.030598819255828857,10.615616798400879,0.3902439024390244
fact_0002,6,trailing_space,double_first_space,False,False,wrong_wrong,0.019501566886901855,8.518156051635742,0.3513513513513513
fact_0002,6,space_before_qmark,no_qmark,False,False,wrong_wrong,0.03297114372253418,11.120391845703125,0.4390243902439024
fact_0002,6,space_before_qmark,lower_first_char,False,False,wrong_wrong,0.023409605026245117,9.304649353027344,0.33333333333333337
fact_0002,6,space_before_qmark,double_first_space,False,False,wrong_wrong,0.014857769012451172,7.442669868469238,0.28125
fact_0002,6,no_qmark,lower_first_char,False,False,wrong_wrong,0.05509352684020996,14.27576732635498,0.5
fact_0002,6,no_qmark,double_first_space,False,False,wrong_wrong,0.03971296548843384,12.186643600463867,0.475
fact_0002,6,lower_first_char,double_first_space,False,False,wrong_wrong,0.02831447124481201,10.20128345489502,0.37142857142857144
fact_0002,9,original,leading_space,False,True,correct_wrong,0.09880858659744263,17.643117904663086,0.3548387096774194
fact_0002,9,original,trailing_space,False,False,wrong_wrong,0.012773394584655762,6.603832244873047,0.1333333333333333
fact_0002,9,original,space_before_qmark,False,False,wrong_wrong,0.011425614356994629,6.107847690582275,0.13793103448275867
fact_0002,9,original,no_qmark,False,False,wrong_wrong,0.05109548568725586,12.85902214050293,0.33333333333333337
fact_0002,9,original,lower_first_char,False,False,wrong_wrong,0.04061555862426758,11.641280174255371,0.13793103448275867
fact_0002,9,original,double_first_space,False,False,wrong_wrong,0.006000161170959473,4.435699939727783,0.0357142857142857
fact_0002,9,leading_space,trailing_space,True,False,correct_wrong,0.11291539669036865,19.171295166015625,0.34375
fact_0002,9,leading_space,space_before_qmark,True,False,correct_wrong,0.10897105932235718,18.447282791137695,0.3548387096774194
fact_0002,9,leading_space,no_qmark,True,False,correct_wrong,0.17350643873214722,23.083044052124023,0.5384615384615384
fact_0002,9,leading_space,lower_first_char,True,False,correct_wrong,0.134804368019104,20.792251586914062,0.40625
fact_0002,9,leading_space,double_first_space,True,False,correct_wrong,0.1028432846069336,17.99953269958496,0.375
fact_0002,9,trailing_space,space_before_qmark,False,False,wrong_wrong,0.021629273891448975,8.563117027282715,0.25
fact_0002,9,trailing_space,no_qmark,False,False,wrong_wrong,0.06012320518493652,14.167450904846191,0.368421052631579
fact_0002,9,trailing_space,lower_first_char,False,False,wrong_wrong,0.04149448871612549,11.88370132446289,0.19354838709677424
fact_0002,9,trailing_space,double_first_space,False,False,wrong_wrong,0.013299643993377686,6.735265731811523,0.16129032258064513
fact_0002,9,space_before_qmark,no_qmark,False,False,wrong_wrong,0.05481374263763428,13.276924133300781,0.33333333333333337
fact_0002,9,space_before_qmark,lower_first_char,False,False,wrong_wrong,0.0527721643447876,13.243202209472656,0.25806451612903225
fact_0002,9,space_before_qmark,double_first_space,False,False,wrong_wrong,0.015736758708953857,7.1688456535339355,0.16666666666666663
fact_0002,9,no_qmark,lower_first_char,False,False,wrong_wrong,0.06599193811416626,14.75765323638916,0.33333333333333337
fact_0002,9,no_qmark,double_first_space,False,False,wrong_wrong,0.05434077978134155,13.263372421264648,0.3513513513513513
fact_0002,9,lower_first_char,double_first_space,False,False,wrong_wrong,0.040518105030059814,11.628718376159668,0.16666666666666663
fact_0002,12,original,leading_space,False,True,correct_wrong,0.0673256516456604,19.129974365234375,0.37037037037037035
fact_0002,12,original,trailing_space,False,False,wrong_wrong,0.025765180587768555,11.299407958984375,0.21276595744680848
fact_0002,12,original,space_before_qmark,False,False,wrong_wrong,0.03064638376235962,12.27084732055664,0.26086956521739135
fact_0002,12,original,no_qmark,False,False,wrong_wrong,0.09226322174072266,21.61065101623535,0.49056603773584906
fact_0002,12,original,lower_first_char,False,False,wrong_wrong,0.043397605419158936,14.518797874450684,0.2558139534883721
fact_0002,12,original,double_first_space,False,False,wrong_wrong,0.025165915489196777,11.082474708557129,0.20454545454545459
fact_0002,12,leading_space,trailing_space,True,False,correct_wrong,0.07129067182540894,19.676456451416016,0.3508771929824561
fact_0002,12,leading_space,space_before_qmark,True,False,correct_wrong,0.0920485258102417,22.26883316040039,0.5
fact_0002,12,leading_space,no_qmark,True,False,correct_wrong,0.1392502784729004,27.49551773071289,0.5714285714285714
fact_0002,12,leading_space,lower_first_char,True,False,correct_wrong,0.101593017578125,23.32257843017578,0.4545454545454546
fact_0002,12,leading_space,double_first_space,True,False,correct_wrong,0.07355678081512451,19.963071823120117,0.38181818181818183
fact_0002,12,trailing_space,space_before_qmark,False,False,wrong_wrong,0.049678921699523926,15.684280395507812,0.34615384615384615
fact_0002,12,trailing_space,no_qmark,False,False,wrong_wrong,0.09076797962188721,21.49407196044922,0.5172413793103448
fact_0002,12,trailing_space,lower_first_char,False,False,wrong_wrong,0.054204583168029785,16.30034637451172,0.34693877551020413
fact_0002,12,trailing_space,double_first_space,False,False,wrong_wrong,0.02071225643157959,10.113175392150879,0.19148936170212771
fact_0002,12,space_before_qmark,no_qmark,False,False,wrong_wrong,0.11965471506118774,24.597301483154297,0.5862068965517242
fact_0002,12,space_before_qmark,lower_first_char,False,False,wrong_wrong,0.06496113538742065,17.753454208374023,0.36170212765957444
fact_0002,12,space_before_qmark,double_first_space,False,False,wrong_wrong,0.05275559425354004,16.037250518798828,0.38
fact_0002,12,no_qmark,lower_first_char,False,False,wrong_wrong,0.10085052251815796,22.48378562927246,0.4901960784313726
fact_0002,12,no_qmark,double_first_space,False,False,wrong_wrong,0.0905565619468689,21.350433349609375,0.5272727272727273
fact_0002,12,lower_first_char,double_first_space,False,False,wrong_wrong,0.03924304246902466,13.735721588134766,0.2325581395348837
fact_0004,6,original,leading_space,False,False,wrong_wrong,0.02213573455810547,9.937070846557617,0.368421052631579
fact_0004,6,original,trailing_space,False,False,wrong_wrong,0.009843111038208008,6.245847225189209,0.18181818181818177
fact_0004,6,original,space_before_qmark,False,False,wrong_wrong,0.007577657699584961,5.481747150421143,0.17647058823529416
fact_0004,6,original,no_qmark,False,False,wrong_wrong,0.03951907157897949,12.410249710083008,0.4883720930232558
fact_0004,6,original,lower_first_char,False,False,wrong_wrong,0.016118943691253662,7.952725887298584,0.20588235294117652
fact_0004,6,original,double_first_space,False,True,correct_wrong,0.013796091079711914,7.448509693145752,0.3055555555555556
fact_0004,6,leading_space,trailing_space,False,False,wrong_wrong,0.02523261308670044,10.558402061462402,0.368421052631579
fact_0004,6,leading_space,space_before_qmark,False,False,wrong_wrong,0.023127436637878418,10.130117416381836,0.3589743589743589
fact_0004,6,leading_space,no_qmark,False,False,wrong_wrong,0.04706001281738281,14.288009643554688,0.5111111111111111
fact_0004,6,leading_space,lower_first_char,False,False,wrong_wrong,0.03533750772476196,12.480340003967285,0.42500000000000004
fact_0004,6,leading_space,double_first_space,False,True,correct_wrong,0.019415557384490967,9.273351669311523,0.29729729729729726
fact_0004,6,trailing_space,space_before_qmark,False,False,wrong_wrong,0.01792430877685547,8.437192916870117,0.32432432432432434
fact_0004,6,trailing_space,no_qmark,False,False,wrong_wrong,0.0415186882019043,12.736019134521484,0.4883720930232558
fact_0004,6,trailing_space,lower_first_char,False,False,wrong_wrong,0.02205371856689453,9.3060941696167,0.3055555555555556
fact_0004,6,trailing_space,double_first_space,False,True,correct_wrong,0.013105928897857666,7.261984348297119,0.2571428571428571
fact_0004,6,space_before_qmark,no_qmark,False,False,wrong_wrong,0.039542436599731445,12.434968948364258,0.4772727272727273
fact_0004,6,space_before_qmark,lower_first_char,False,False,wrong_wrong,0.019711077213287354,8.805876731872559,0.29729729729729726
fact_0004,6,space_before_qmark,double_first_space,False,True,correct_wrong,0.01504659652709961,7.779872417449951,0.29729729729729726
fact_0004,6,no_qmark,lower_first_char,False,False,wrong_wrong,0.0555422306060791,14.550972938537598,0.5333333333333333
fact_0004,6,no_qmark,double_first_space,False,True,correct_wrong,0.03920638561248779,12.48045825958252,0.4651162790697675
fact_0004,6,lower_first_char,double_first_space,False,True,correct_wrong,0.026933670043945312,10.372209548950195,0.368421052631579
fact_0004,9,original,leading_space,False,False,wrong_wrong,0.07205742597579956,14.433693885803223,0.2962962962962963
fact_0004,9,original,trailing_space,False,False,wrong_wrong,0.010618984699249268,5.6711955070495605,0.11538461538461542
fact_0004,9,original,space_before_qmark,False,False,wrong_wrong,0.010075271129608154,5.43303918838501,0.11111111111111116
fact_0004,9,original,no_qmark,False,False,wrong_wrong,0.04073226451873779,10.903020858764648,0.2068965517241379
fact_0004,9,original,lower_first_char,False,False,wrong_wrong,0.04284697771072388,11.341548919677734,0.2142857142857143
fact_0004,9,original,double_first_space,False,True,correct_wrong,0.00936347246170044,5.298821926116943,0.07999999999999996
fact_0004,9,leading_space,trailing_space,False,False,wrong_wrong,0.08505547046661377,15.852423667907715,0.2692307692307693
fact_0004,9,leading_space,space_before_qmark,False,False,wrong_wrong,0.08074098825454712,15.232771873474121,0.3214285714285714
fact_0004,9,leading_space,no_qmark,False,False,wrong_wrong,0.1451019048690796,20.37459373474121,0.4516129032258065
fact_0004,9,leading_space,lower_first_char,False,False,wrong_wrong,0.10332590341567993,17.468019485473633,0.3571428571428571
fact_0004,9,leading_space,double_first_space,False,True,correct_wrong,0.07135218381881714,14.480196952819824,0.24
fact_0004,9,trailing_space,space_before_qmark,False,False,wrong_wrong,0.01361548900604248,6.418339729309082,0.14814814814814814
fact_0004,9,trailing_space,no_qmark,False,False,wrong_wrong,0.045437395572662354,11.646666526794434,0.24137931034482762
fact_0004,9,trailing_space,lower_first_char,False,False,wrong_wrong,0.0406414270401001,11.118786811828613,0.18518518518518523
fact_0004,9,trailing_space,double_first_space,False,True,correct_wrong,0.0055190324783325195,4.090510368347168,0.04166666666666663
fact_0004,9,space_before_qmark,no_qmark,False,False,wrong_wrong,0.05598694086074829,12.747770309448242,0.29032258064516125
fact_0004,9,space_before_qmark,lower_first_char,False,False,wrong_wrong,0.05014461278915405,12.248658180236816,0.24137931034482762
fact_0004,9,space_before_qmark,double_first_space,False,True,correct_wrong,0.014568865299224854,6.600235462188721,0.11538461538461542
fact_0004,9,no_qmark,lower_first_char,False,False,wrong_wrong,0.051971435546875,12.456537246704102,0.2666666666666667
fact_0004,9,no_qmark,double_first_space,False,True,correct_wrong,0.04744082689285278,11.858036041259766,0.27586206896551724
fact_0004,9,lower_first_char,double_first_space,False,True,correct_wrong,0.036192893981933594,10.470166206359863,0.15384615384615385
fact_0004,12,original,leading_space,False,False,wrong_wrong,0.07994228601455688,20.154909133911133,0.4444444444444444
fact_0004,12,original,trailing_space,False,False,wrong_wrong,0.030009865760803223,11.771036148071289,0.23913043478260865
fact_0004,12,original,space_before_qmark,False,False,wrong_wrong,0.027708709239959717,11.11020278930664,0.2093023255813954
fact_0004,12,original,no_qmark,False,False,wrong_wrong,0.08438104391098022,20.098615646362305,0.42592592592592593
fact_0004,12,original,lower_first_char,False,False,wrong_wrong,0.03853803873062134,13.131218910217285,0.2666666666666667
fact_0004,12,original,double_first_space,False,True,correct_wrong,0.03357398509979248,12.306621551513672,0.2272727272727273
fact_0004,12,leading_space,trailing_space,False,False,wrong_wrong,0.07690119743347168,19.803733825683594,0.38181818181818183
fact_0004,12,leading_space,space_before_qmark,False,False,wrong_wrong,0.08905243873596191,21.22239875793457,0.4545454545454546
fact_0004,12,leading_space,no_qmark,False,False,wrong_wrong,0.13402873277664185,26.258214950561523,0.546875
fact_0004,12,leading_space,lower_first_char,False,False,wrong_wrong,0.0843886137008667,20.684432983398438,0.40740740740740744
fact_0004,12,leading_space,double_first_space,False,True,correct_wrong,0.08803945779800415,21.1182861328125,0.40740740740740744
fact_0004,12,trailing_space,space_before_qmark,False,False,wrong_wrong,0.04020720720291138,13.594151496887207,0.29166666666666663
fact_0004,12,trailing_space,no_qmark,False,False,wrong_wrong,0.08125042915344238,19.839445114135742,0.42105263157894735
fact_0004,12,trailing_space,lower_first_char,False,False,wrong_wrong,0.03863567113876343,13.339911460876465,0.23404255319148937
fact_0004,12,trailing_space,double_first_space,False,True,correct_wrong,0.025262773036956787,10.816587448120117,0.19565217391304346
fact_0004,12,space_before_qmark,no_qmark,False,False,wrong_wrong,0.08500325679779053,20.146459579467773,0.40740740740740744
fact_0004,12,space_before_qmark,lower_first_char,False,False,wrong_wrong,0.049247145652770996,14.796436309814453,0.28260869565217395
fact_0004,12,space_before_qmark,double_first_space,False,True,correct_wrong,0.05345433950424194,15.484387397766113,0.3191489361702128
fact_0004,12,no_qmark,lower_first_char,False,False,wrong_wrong,0.08925092220306396,20.6551456451416,0.4181818181818182
fact_0004,12,no_qmark,double_first_space,False,True,correct_wrong,0.07709610462188721,19.248050689697266,0.4181818181818182
fact_0004,12,lower_first_char,double_first_space,False,True,correct_wrong,0.050023794174194336,15.010659217834473,0.2978723404255319
fact_0007,6,original,leading_space,True,False,correct_wrong,0.017254114151000977,8.747970581054688,0.2647058823529411
fact_0007,6,original,trailing_space,True,False,correct_wrong,0.01570868492126465,7.815365314483643,0.3055555555555556
fact_0007,6,original,space_before_qmark,True,True,correct_correct,0.00892949104309082,5.912520885467529,0.21212121212121215
fact_0007,6,original,no_qmark,True,True,correct_correct,0.031263113021850586,11.07013988494873,0.4390243902439024
fact_0007,6,original,lower_first_char,True,False,correct_wrong,0.02228403091430664,9.258098602294922,0.34285714285714286
fact_0007,6,original,double_first_space,True,False,correct_wrong,0.011537909507751465,6.72634744644165,0.25
fact_0007,6,leading_space,trailing_space,False,False,wrong_wrong,0.02364283800125122,10.136011123657227,0.32432432432432434
fact_0007,6,leading_space,space_before_qmark,False,True,correct_wrong,0.018306374549865723,8.954455375671387,0.2857142857142857
fact_0007,6,leading_space,no_qmark,False,True,correct_wrong,0.03934675455093384,12.9173583984375,0.45238095238095233
fact_0007,6,leading_space,lower_first_char,False,False,wrong_wrong,0.03419381380081177,12.167790412902832,0.4054054054054054
fact_0007,6,leading_space,double_first_space,False,False,wrong_wrong,0.018283843994140625,8.940871238708496,0.2727272727272727
fact_0007,6,trailing_space,space_before_qmark,False,True,correct_wrong,0.022672593593597412,9.41652774810791,0.41025641025641024
fact_0007,6,trailing_space,no_qmark,False,True,correct_wrong,0.031628549098968506,11.134087562561035,0.40476190476190477
fact_0007,6,trailing_space,lower_first_char,False,False,wrong_wrong,0.032485246658325195,11.162670135498047,0.4358974358974359
fact_0007,6,trailing_space,double_first_space,False,False,wrong_wrong,0.018255949020385742,8.457720756530762,0.3142857142857143
fact_0007,6,space_before_qmark,no_qmark,True,True,correct_correct,0.033519089221954346,11.487993240356445,0.45238095238095233
fact_0007,6,space_before_qmark,lower_first_char,True,False,correct_wrong,0.025943279266357422,10.03115177154541,0.4054054054054054
fact_0007,6,space_before_qmark,double_first_space,True,False,correct_wrong,0.01603686809539795,7.943554878234863,0.32352941176470584
fact_0007,6,no_qmark,lower_first_char,True,False,correct_wrong,0.0505901575088501,13.989789009094238,0.5116279069767442
fact_0007,6,no_qmark,double_first_space,True,False,correct_wrong,0.04047703742980957,12.632143020629883,0.5238095238095238
fact_0007,6,lower_first_char,double_first_space,False,False,wrong_wrong,0.029425501823425293,10.688928604125977,0.4
fact_0007,9,original,leading_space,True,False,correct_wrong,0.0651504397392273,14.007667541503906,0.2962962962962963
fact_0007,9,original,trailing_space,True,False,correct_wrong,0.010317027568817139,5.971437454223633,0.12
fact_0007,9,original,space_before_qmark,True,True,correct_correct,0.010916054248809814,5.795795917510986,0.125
fact_0007,9,original,no_qmark,True,True,correct_correct,0.04110217094421387,11.362508773803711,0.4
fact_0007,9,original,lower_first_char,True,False,correct_wrong,0.04510664939880371,11.891830444335938,0.28
fact_0007,9,original,double_first_space,True,False,correct_wrong,0.008435308933258057,5.168136119842529,0.08333333333333337
fact_0007,9,leading_space,trailing_space,False,False,wrong_wrong,0.07500171661376953,15.533620834350586,0.2592592592592593
fact_0007,9,leading_space,space_before_qmark,False,True,correct_wrong,0.07922601699829102,15.256401062011719,0.33333333333333337
fact_0007,9,leading_space,no_qmark,False,True,correct_wrong,0.1088748574256897,18.258399963378906,0.4516129032258065
fact_0007,9,leading_space,lower_first_char,False,False,wrong_wrong,0.0916217565536499,16.749713897705078,0.34615384615384615
fact_0007,9,leading_space,double_first_space,False,False,wrong_wrong,0.06714344024658203,14.376399993896484,0.2962962962962963
fact_0007,9,trailing_space,space_before_qmark,False,True,correct_wrong,0.014566302299499512,7.152679443359375,0.16000000000000003
fact_0007,9,trailing_space,no_qmark,False,True,correct_wrong,0.0456087589263916,12.234418869018555,0.4193548387096774
fact_0007,9,trailing_space,lower_first_char,False,False,wrong_wrong,0.04660964012145996,12.363444328308105,0.24
fact_0007,9,trailing_space,double_first_space,False,False,wrong_wrong,0.01004856824874878,5.814426422119141,0.12
fact_0007,9,space_before_qmark,no_qmark,True,True,correct_correct,0.03255462646484375,10.08993148803711,0.3214285714285714
fact_0007,9,space_before_qmark,lower_first_char,True,False,correct_wrong,0.05851978063583374,13.46714973449707,0.31999999999999995
fact_0007,9,space_before_qmark,double_first_space,True,False,correct_wrong,0.014307022094726562,6.748475551605225,0.125
fact_0007,9,no_qmark,lower_first_char,True,False,correct_wrong,0.05900365114212036,13.68701457977295,0.3928571428571429
fact_0007,9,no_qmark,double_first_space,True,False,correct_wrong,0.0443500280380249,11.869635581970215,0.4
fact_0007,9,lower_first_char,double_first_space,False,False,wrong_wrong,0.0424613356590271,11.606715202331543,0.28
fact_0007,12,original,leading_space,True,False,correct_wrong,0.08353674411773682,21.03958511352539,0.40740740740740744
fact_0007,12,original,trailing_space,True,False,correct_wrong,0.0340079665184021,13.000716209411621,0.23404255319148937
fact_0007,12,original,space_before_qmark,True,True,correct_correct,0.014338076114654541,8.387238502502441,0.11363636363636365
fact_0007,12,original,no_qmark,True,True,correct_correct,0.08995562791824341,21.020187377929688,0.39622641509433965
fact_0007,12,original,lower_first_char,True,False,correct_wrong,0.07467854022979736,19.36648941040039,0.40384615384615385
fact_0007,12,original,double_first_space,True,False,correct_wrong,0.029752373695373535,12.18024730682373,0.20833333333333337
fact_0007,12,leading_space,trailing_space,False,False,wrong_wrong,0.07586294412612915,20.085573196411133,0.39622641509433965
fact_0007,12,leading_space,space_before_qmark,False,True,correct_wrong,0.11316108703613281,24.341447830200195,0.4821428571428571
fact_0007,12,leading_space,no_qmark,False,True,correct_wrong,0.14306330680847168,27.386688232421875,0.55
fact_0007,12,leading_space,lower_first_char,False,False,wrong_wrong,0.0937533974647522,22.35454559326172,0.42592592592592593
fact_0007,12,leading_space,double_first_space,False,False,wrong_wrong,0.0754818320274353,20.04623031616211,0.4285714285714286
fact_0007,12,trailing_space,space_before_qmark,False,True,correct_wrong,0.056751251220703125,16.689062118530273,0.326530612244898
fact_0007,12,trailing_space,no_qmark,False,True,correct_wrong,0.09169542789459229,21.28547477722168,0.4444444444444444
fact_0007,12,trailing_space,lower_first_char,False,False,wrong_wrong,0.05953836441040039,17.33277702331543,0.326530612244898
fact_0007,12,trailing_space,double_first_space,False,False,wrong_wrong,0.014312267303466797,8.467206954956055,0.11111111111111116
fact_0007,12,space_before_qmark,no_qmark,True,True,correct_correct,0.08826351165771484,20.656423568725586,0.41509433962264153
fact_0007,12,space_before_qmark,lower_first_char,True,False,correct_wrong,0.10334646701812744,22.633821487426758,0.4814814814814815
fact_0007,12,space_before_qmark,double_first_space,True,False,correct_wrong,0.05164444446563721,15.954216003417969,0.30000000000000004
fact_0007,12,no_qmark,lower_first_char,True,False,correct_wrong,0.15533864498138428,27.845046997070312,0.5517241379310345
fact_0007,12,no_qmark,double_first_space,True,False,correct_wrong,0.07893365621566772,19.78038787841797,0.3584905660377359
fact_0007,12,lower_first_char,double_first_space,False,False,wrong_wrong,0.057924628257751465,17.115924835205078,0.33333333333333337
fact_0013,6,original,leading_space,True,False,correct_wrong,0.01885402202606201,9.222163200378418,0.28205128205128205
fact_0013,6,original,trailing_space,True,True,correct_correct,0.012260794639587402,7.006210803985596,0.21052631578947367
fact_0013,6,original,space_before_qmark,True,True,correct_correct,0.008304595947265625,5.755961894989014,0.16666666666666663
fact_0013,6,original,no_qmark,True,True,correct_correct,0.03907668590545654,12.537371635437012,0.4347826086956522
fact_0013,6,original,lower_first_char,True,True,correct_correct,0.01786625385284424,8.39147663116455,0.19444444444444442
fact_0013,6,original,double_first_space,True,True,correct_correct,0.010828137397766113,6.596193313598633,0.22857142857142854
fact_0013,6,leading_space,trailing_space,False,True,correct_wrong,0.028180480003356934,11.111823081970215,0.38636363636363635
fact_0013,6,leading_space,space_before_qmark,False,True,correct_wrong,0.024049818515777588,10.310660362243652,0.3571428571428571
fact_0013,6,leading_space,no_qmark,False,True,correct_wrong,0.05060255527496338,14.770751953125,0.5
fact_0013,6,leading_space,lower_first_char,False,True,correct_wrong,0.03713274002075195,12.837841033935547,0.41860465116279066
fact_0013,6,leading_space,double_first_space,False,True,correct_wrong,0.023730874061584473,10.224287986755371,0.375
fact_0013,6,trailing_space,space_before_qmark,True,True,correct_correct,0.015410661697387695,7.865079402923584,0.25
fact_0013,6,trailing_space,no_qmark,True,True,correct_correct,0.04702836275100708,13.791882514953613,0.48
fact_0013,6,trailing_space,lower_first_char,True,True,correct_correct,0.02781546115875244,10.50938892364502,0.31707317073170727
fact_0013,6,trailing_space,double_first_space,True,True,correct_correct,0.01638185977935791,8.127310752868652,0.26315789473684215
fact_0013,6,space_before_qmark,no_qmark,True,True,correct_correct,0.03835320472717285,12.44158935546875,0.42553191489361697
fact_0013,6,space_before_qmark,lower_first_char,True,True,correct_correct,0.021705031394958496,9.280454635620117,0.28205128205128205
fact_0013,6,space_before_qmark,double_first_space,True,True,correct_correct,0.017815470695495605,8.466255187988281,0.3157894736842105
fact_0013,6,no_qmark,lower_first_char,True,True,correct_correct,0.05898427963256836,15.27891731262207,0.47916666666666663
fact_0013,6,no_qmark,double_first_space,True,True,correct_correct,0.04297041893005371,13.195205688476562,0.4444444444444444
fact_0013,6,lower_first_char,double_first_space,True,True,correct_correct,0.02641129493713379,10.269478797912598,0.29729729729729726
fact_0013,9,original,leading_space,True,False,correct_wrong,0.07530182600021362,15.094501495361328,0.2962962962962963
fact_0013,9,original,trailing_space,True,True,correct_correct,0.013775050640106201,6.726999282836914,0.14814814814814814
fact_0013,9,original,space_before_qmark,True,True,correct_correct,0.013181209564208984,6.369898319244385,0.1428571428571429
fact_0013,9,original,no_qmark,True,True,correct_correct,0.04946857690811157,12.334263801574707,0.33333333333333337
fact_0013,9,original,lower_first_char,True,True,correct_correct,0.04154324531555176,11.451641082763672,0.1724137931034483
fact_0013,9,original,double_first_space,True,True,correct_correct,0.012725293636322021,6.316948413848877,0.15384615384615385
fact_0013,9,leading_space,trailing_space,False,True,correct_wrong,0.09640920162200928,17.429973602294922,0.2962962962962963
fact_0013,9,leading_space,space_before_qmark,False,True,correct_wrong,0.09765386581420898,17.077722549438477,0.3448275862068966
fact_0013,9,leading_space,no_qmark,False,True,correct_wrong,0.1281874179840088,19.582860946655273,0.4545454545454546
fact_0013,9,leading_space,lower_first_char,False,True,correct_wrong,0.11026746034622192,18.445528030395508,0.3666666666666667
fact_0013,9,leading_space,double_first_space,False,True,correct_wrong,0.07659012079238892,15.322443962097168,0.24
fact_0013,9,trailing_space,space_before_qmark,True,True,correct_correct,0.019482791423797607,7.991167068481445,0.2068965517241379
fact_0013,9,trailing_space,no_qmark,True,True,correct_correct,0.0488361120223999,12.515110969543457,0.33333333333333337
fact_0013,9,trailing_space,lower_first_char,True,True,correct_correct,0.044859886169433594,12.066266059875488,0.23333333333333328
fact_0013,9,trailing_space,double_first_space,True,True,correct_correct,0.007495701313018799,4.974715232849121,0.07999999999999996
fact_0013,9,space_before_qmark,no_qmark,True,True,correct_correct,0.0510898232460022,12.47215461730957,0.2727272727272727
fact_0013,9,space_before_qmark,lower_first_char,True,True,correct_correct,0.05602449178695679,13.25368881225586,0.28125
fact_0013,9,space_before_qmark,double_first_space,True,True,correct_correct,0.022059082984924316,8.296546936035156,0.2142857142857143
fact_0013,9,no_qmark,lower_first_char,True,True,correct_correct,0.06079763174057007,13.811287879943848,0.34285714285714286
fact_0013,9,no_qmark,double_first_space,True,True,correct_correct,0.04223829507827759,11.465208053588867,0.29032258064516125
fact_0013,9,lower_first_char,double_first_space,True,True,correct_correct,0.045313358306884766,11.9994478225708,0.24137931034482762
fact_0013,12,original,leading_space,True,False,correct_wrong,0.09322386980056763,22.212146759033203,0.42105263157894735
fact_0013,12,original,trailing_space,True,True,correct_correct,0.02019178867340088,10.390213012695312,0.16326530612244894
fact_0013,12,original,space_before_qmark,True,True,correct_correct,0.026521682739257812,11.406106948852539,0.20833333333333337
fact_0013,12,original,no_qmark,True,True,correct_correct,0.07766479253768921,20.168792724609375,0.4385964912280702
fact_0013,12,original,lower_first_char,True,True,correct_correct,0.04009491205215454,13.938417434692383,0.23913043478260865
fact_0013,12,original,double_first_space,True,True,correct_correct,0.025174319744110107,11.23993968963623,0.20408163265306123
fact_0013,12,leading_space,trailing_space,False,True,correct_wrong,0.0832720398902893,21.26697540283203,0.3508771929824561
fact_0013,12,leading_space,space_before_qmark,False,True,correct_wrong,0.09977501630783081,22.937471389770508,0.4482758620689655
fact_0013,12,leading_space,no_qmark,False,True,correct_wrong,0.14502018690109253,28.13288116455078,0.5238095238095238
fact_0013,12,leading_space,lower_first_char,False,True,correct_wrong,0.12483489513397217,25.496109008789062,0.5087719298245614
fact_0013,12,leading_space,double_first_space,False,True,correct_wrong,0.081451416015625,20.846038818359375,0.3571428571428571
fact_0013,12,trailing_space,space_before_qmark,True,True,correct_correct,0.04185062646865845,14.806523323059082,0.30188679245283023
fact_0013,12,trailing_space,no_qmark,True,True,correct_correct,0.0954177975654602,22.659849166870117,0.47540983606557374
fact_0013,12,trailing_space,lower_first_char,True,True,correct_correct,0.047377586364746094,15.75549602508545,0.26530612244897955
fact_0013,12,trailing_space,double_first_space,True,True,correct_correct,0.02097916603088379,10.542035102844238,0.16000000000000003
fact_0013,12,space_before_qmark,no_qmark,True,True,correct_correct,0.08185219764709473,20.672748565673828,0.4385964912280702
fact_0013,12,space_before_qmark,lower_first_char,True,True,correct_correct,0.053670406341552734,16.03949546813965,0.3125
fact_0013,12,space_before_qmark,double_first_space,True,True,correct_correct,0.0443912148475647,14.885479927062988,0.3076923076923077
fact_0013,12,no_qmark,lower_first_char,True,True,correct_correct,0.09060555696487427,21.661949157714844,0.4727272727272728
fact_0013,12,no_qmark,double_first_space,True,True,correct_correct,0.09331822395324707,22.17057228088379,0.4833333333333333
fact_0013,12,lower_first_char,double_first_space,True,True,correct_correct,0.04280686378479004,14.572930335998535,0.27083333333333337
fact_0028,6,original,leading_space,True,True,correct_correct,0.026993930339813232,11.078760147094727,0.36170212765957444
fact_0028,6,original,trailing_space,True,True,correct_correct,0.01710045337677002,8.46463680267334,0.30952380952380953
fact_0028,6,original,space_before_qmark,True,True,correct_correct,0.01193094253540039,7.091395854949951,0.23809523809523814
fact_0028,6,original,no_qmark,True,False,correct_wrong,0.022777915000915527,9.746519088745117,0.32608695652173914
fact_0028,6,original,lower_first_char,True,False,correct_wrong,0.018889188766479492,8.888510704040527,0.25
fact_0028,6,original,double_first_space,True,True,correct_correct,0.01758551597595215,8.684304237365723,0.32608695652173914
fact_0028,6,leading_space,trailing_space,True,True,correct_correct,0.03460448980331421,12.511897087097168,0.43999999999999995
fact_0028,6,leading_space,space_before_qmark,True,True,correct_correct,0.02716851234436035,11.112688064575195,0.34693877551020413
fact_0028,6,leading_space,no_qmark,True,False,correct_wrong,0.049454331398010254,14.883397102355957,0.5517241379310345
fact_0028,6,leading_space,lower_first_char,True,False,correct_wrong,0.04227656126022339,13.838641166687012,0.4901960784313726
fact_0028,6,leading_space,double_first_space,True,True,correct_correct,0.027827084064483643,11.223071098327637,0.3529411764705882
fact_0028,6,trailing_space,space_before_qmark,True,True,correct_correct,0.02323240041732788,9.865766525268555,0.3695652173913043
fact_0028,6,trailing_space,no_qmark,True,False,correct_wrong,0.036922454833984375,12.336560249328613,0.47058823529411764
fact_0028,6,trailing_space,lower_first_char,True,False,correct_wrong,0.028555870056152344,10.818791389465332,0.38636363636363635
fact_0028,6,trailing_space,double_first_space,True,True,correct_correct,0.025217890739440918,10.3789644241333,0.40816326530612246
fact_0028,6,space_before_qmark,no_qmark,True,False,correct_wrong,0.02675163745880127,10.560174942016602,0.38
fact_0028,6,space_before_qmark,lower_first_char,True,False,correct_wrong,0.02313840389251709,9.82172679901123,0.31818181818181823
fact_0028,6,space_before_qmark,double_first_space,True,True,correct_correct,0.021307647228240967,9.55579948425293,0.34693877551020413
fact_0028,6,no_qmark,lower_first_char,False,False,wrong_wrong,0.03642547130584717,12.132563591003418,0.36170212765957444
fact_0028,6,no_qmark,double_first_space,False,True,correct_wrong,0.03372156620025635,11.97533893585205,0.4444444444444444
fact_0028,6,lower_first_char,double_first_space,False,True,correct_wrong,0.03301596641540527,11.853450775146484,0.4285714285714286
fact_0028,9,original,leading_space,True,True,correct_correct,0.07708114385604858,15.657815933227539,0.2666666666666667
fact_0028,9,original,trailing_space,True,True,correct_correct,0.007820665836334229,5.156615257263184,0.0714285714285714
fact_0028,9,original,space_before_qmark,True,True,correct_correct,0.015206456184387207,7.09850549697876,0.16129032258064513
fact_0028,9,original,no_qmark,True,False,correct_wrong,0.02711331844329834,9.566305160522461,0.15625
fact_0028,9,original,lower_first_char,True,False,correct_wrong,0.042194902896881104,11.913797378540039,0.19354838709677424
fact_0028,9,original,double_first_space,True,True,correct_correct,0.008621513843536377,5.673628807067871,0.06896551724137934
fact_0028,9,leading_space,trailing_space,True,True,correct_correct,0.08087038993835449,16.25607681274414,0.2142857142857143
fact_0028,9,leading_space,space_before_qmark,True,True,correct_correct,0.09003704786300659,16.993553161621094,0.29032258064516125
fact_0028,9,leading_space,no_qmark,True,False,correct_wrong,0.12694472074508667,20.322647094726562,0.38235294117647056
fact_0028,9,leading_space,lower_first_char,True,False,correct_wrong,0.10601407289505005,18.594390869140625,0.2666666666666667
fact_0028,9,leading_space,double_first_space,True,True,correct_correct,0.08322286605834961,16.847637176513672,0.2666666666666667
fact_0028,9,trailing_space,space_before_qmark,True,True,correct_correct,0.022275865077972412,8.665935516357422,0.22580645161290325
fact_0028,9,trailing_space,no_qmark,True,False,correct_wrong,0.03632622957229614,11.126461029052734,0.21875
fact_0028,9,trailing_space,lower_first_char,True,False,correct_wrong,0.03724092245101929,11.262043952941895,0.13793103448275867
fact_0028,9,trailing_space,double_first_space,True,True,correct_correct,0.00844871997833252,5.505751609802246,0.0714285714285714
fact_0028,9,space_before_qmark,no_qmark,True,False,correct_wrong,0.024974524974822998,9.194905281066895,0.125
fact_0028,9,space_before_qmark,lower_first_char,True,False,correct_wrong,0.037256717681884766,11.21996784210205,0.21875
fact_0028,9,space_before_qmark,double_first_space,True,True,correct_correct,0.02296966314315796,8.998100280761719,0.21875
fact_0028,9,no_qmark,lower_first_char,False,False,wrong_wrong,0.04760861396789551,12.752290725708008,0.2647058823529411
fact_0028,9,no_qmark,double_first_space,False,True,correct_wrong,0.029035627841949463,10.098261833190918,0.21212121212121215
fact_0028,9,lower_first_char,double_first_space,False,True,correct_wrong,0.04200553894042969,12.13107681274414,0.19354838709677424
fact_0028,12,original,leading_space,True,True,correct_correct,0.10215431451797485,23.317337036132812,0.4363636363636364
fact_0028,12,original,trailing_space,True,True,correct_correct,0.012333214282989502,7.868145942687988,0.11627906976744184
fact_0028,12,original,space_before_qmark,True,True,correct_correct,0.02526146173477173,11.183636665344238,0.19148936170212771
fact_0028,12,original,no_qmark,True,False,correct_wrong,0.08614605665206909,20.89677619934082,0.4528301886792453
fact_0028,12,original,lower_first_char,True,False,correct_wrong,0.03617364168167114,13.213626861572266,0.23913043478260865
fact_0028,12,original,double_first_space,True,True,correct_correct,0.009928226470947266,7.140853404998779,0.0714285714285714
fact_0028,12,leading_space,trailing_space,True,True,correct_correct,0.10442382097244263,23.6524715423584,0.4385964912280702
fact_0028,12,leading_space,space_before_qmark,True,True,correct_correct,0.09377384185791016,22.394746780395508,0.423728813559322
fact_0028,12,leading_space,no_qmark,True,False,correct_wrong,0.16519081592559814,29.84274673461914,0.5714285714285714
fact_0028,12,leading_space,lower_first_char,True,False,correct_wrong,0.123196542263031,25.442550659179688,0.4655172413793104
fact_0028,12,leading_space,double_first_space,True,True,correct_correct,0.09310877323150635,22.392868041992188,0.4107142857142857
fact_0028,12,trailing_space,space_before_qmark,True,True,correct_correct,0.03642141819000244,13.522098541259766,0.27450980392156865
fact_0028,12,trailing_space,no_qmark,True,False,correct_wrong,0.08723181486129761,21.144582748413086,0.4545454545454546
fact_0028,12,trailing_space,lower_first_char,True,False,correct_wrong,0.04057663679122925,14.169400215148926,0.25
fact_0028,12,trailing_space,double_first_space,True,True,correct_correct,0.021555542945861816,10.478517532348633,0.17391304347826086
fact_0028,12,space_before_qmark,no_qmark,True,False,correct_wrong,0.08038407564163208,20.24724578857422,0.4107142857142857
fact_0028,12,space_before_qmark,lower_first_char,True,False,correct_wrong,0.04940521717071533,15.525461196899414,0.27450980392156865
fact_0028,12,space_before_qmark,double_first_space,True,True,correct_correct,0.019278287887573242,9.895963668823242,0.12765957446808507
fact_0028,12,no_qmark,lower_first_char,False,False,wrong_wrong,0.09201246500015259,21.449670791625977,0.4821428571428571
fact_0028,12,no_qmark,double_first_space,False,True,correct_wrong,0.08389735221862793,20.80462646484375,0.39622641509433965
fact_0028,12,lower_first_char,double_first_space,False,True,correct_wrong,0.03758281469345093,13.752140045166016,0.21276595744680848
fact_0029,6,original,leading_space,True,False,correct_wrong,0.018064379692077637,9.020252227783203,0.23684210526315785
fact_0029,6,original,trailing_space,True,False,correct_wrong,0.01145315170288086,6.776516914367676,0.20512820512820518
fact_0029,6,original,space_before_qmark,True,False,correct_wrong,0.008245408535003662,5.721233367919922,0.16216216216216217
fact_0029,6,original,no_qmark,True,False,correct_wrong,0.025569677352905273,10.020852088928223,0.36363636363636365
fact_0029,6,original,lower_first_char,True,False,correct_wrong,0.018826544284820557,8.610025405883789,0.2432432432432432
fact_0029,6,original,double_first_space,True,False,correct_wrong,0.010890603065490723,6.655806064605713,0.18918918918918914
fact_0029,6,leading_space,trailing_space,False,False,wrong_wrong,0.024364948272705078,10.34371280670166,0.30952380952380953
fact_0029,6,leading_space,space_before_qmark,False,False,wrong_wrong,0.020977914333343506,9.672218322753906,0.275
fact_0029,6,leading_space,no_qmark,False,False,wrong_wrong,0.03669857978820801,12.677462577819824,0.4130434782608695
fact_0029,6,leading_space,lower_first_char,False,False,wrong_wrong,0.035737454891204834,12.582693099975586,0.3902439024390244
fact_0029,6,leading_space,double_first_space,False,False,wrong_wrong,0.023703575134277344,10.183073043823242,0.30000000000000004
fact_0029,6,trailing_space,space_before_qmark,False,False,wrong_wrong,0.017324447631835938,8.331005096435547,0.2857142857142857
fact_0029,6,trailing_space,no_qmark,False,False,wrong_wrong,0.0334850549697876,11.528937339782715,0.41666666666666663
fact_0029,6,trailing_space,lower_first_char,False,False,wrong_wrong,0.02997565269470215,10.909014701843262,0.39534883720930236
fact_0029,6,trailing_space,double_first_space,False,False,wrong_wrong,0.010284960269927979,6.468737602233887,0.13157894736842102
fact_0029,6,space_before_qmark,no_qmark,False,False,wrong_wrong,0.026848793029785156,10.267549514770508,0.3555555555555555
fact_0029,6,space_before_qmark,lower_first_char,False,False,wrong_wrong,0.024867534637451172,9.874056816101074,0.36585365853658536
fact_0029,6,space_before_qmark,double_first_space,False,False,wrong_wrong,0.016978979110717773,8.296072959899902,0.275
fact_0029,6,no_qmark,lower_first_char,False,False,wrong_wrong,0.0400272011756897,12.35478401184082,0.38636363636363635
fact_0029,6,no_qmark,double_first_space,False,False,wrong_wrong,0.030630648136138916,11.1034574508667,0.37777777777777777
fact_0029,6,lower_first_char,double_first_space,False,False,wrong_wrong,0.0291823148727417,10.85283374786377,0.35
fact_0029,9,original,leading_space,True,False,correct_wrong,0.08148860931396484,16.135623931884766,0.2142857142857143
fact_0029,9,original,trailing_space,True,False,correct_wrong,0.009014785289764404,5.695851802825928,0.10344827586206895
fact_0029,9,original,space_before_qmark,True,False,correct_wrong,0.017017126083374023,7.550354957580566,0.1724137931034483
fact_0029,9,original,no_qmark,True,False,correct_wrong,0.02447664737701416,9.069465637207031,0.1333333333333333
fact_0029,9,original,lower_first_char,True,False,correct_wrong,0.03637975454330444,11.23974323272705,0.13793103448275867
fact_0029,9,original,double_first_space,True,False,correct_wrong,0.006554722785949707,4.703829765319824,0.038461538461538436
fact_0029,9,leading_space,trailing_space,False,False,wrong_wrong,0.09106165170669556,17.52423667907715,0.23333333333333328
fact_0029,9,leading_space,space_before_qmark,False,False,wrong_wrong,0.09325182437896729,17.31635093688965,0.24137931034482762
fact_0029,9,leading_space,no_qmark,False,False,wrong_wrong,0.12231677770614624,19.80161476135254,0.3125
fact_0029,9,leading_space,lower_first_char,False,False,wrong_wrong,0.11400425434112549,19.50714111328125,0.2666666666666667
fact_0029,9,leading_space,double_first_space,False,False,wrong_wrong,0.08572620153427124,16.67074203491211,0.25
fact_0029,9,trailing_space,space_before_qmark,False,False,wrong_wrong,0.022925078868865967,8.947649002075195,0.25
fact_0029,9,trailing_space,no_qmark,False,False,wrong_wrong,0.032412707805633545,10.623948097229004,0.21212121212121215
fact_0029,9,trailing_space,lower_first_char,False,False,wrong_wrong,0.04181182384490967,12.155312538146973,0.21875
fact_0029,9,trailing_space,double_first_space,False,False,wrong_wrong,0.012261152267456055,6.571590900421143,0.13793103448275867
fact_0029,9,space_before_qmark,no_qmark,False,False,wrong_wrong,0.039238929748535156,11.508600234985352,0.21875
fact_0029,9,space_before_qmark,lower_first_char,False,False,wrong_wrong,0.032360851764678955,10.613971710205078,0.16666666666666663
fact_0029,9,space_before_qmark,double_first_space,False,False,wrong_wrong,0.02176111936569214,8.57178783416748,0.2068965517241379
fact_0029,9,no_qmark,lower_first_char,False,False,wrong_wrong,0.03628498315811157,11.239033699035645,0.1875
fact_0029,9,no_qmark,double_first_space,False,False,wrong_wrong,0.025086402893066406,9.214822769165039,0.16666666666666663
fact_0029,9,lower_first_char,double_first_space,False,False,wrong_wrong,0.037210822105407715,11.381101608276367,0.1724137931034483
fact_0029,12,original,leading_space,True,False,correct_wrong,0.08080244064331055,20.902475357055664,0.3666666666666667
fact_0029,12,original,trailing_space,True,False,correct_wrong,0.02927619218826294,12.125879287719727,0.20370370370370372
fact_0029,12,original,space_before_qmark,True,False,correct_wrong,0.029407262802124023,12.000932693481445,0.20370370370370372
fact_0029,12,original,no_qmark,True,False,correct_wrong,0.06685692071914673,18.362760543823242,0.4067796610169492
fact_0029,12,original,lower_first_char,True,False,correct_wrong,0.04107010364532471,14.071185111999512,0.23076923076923073
fact_0029,12,original,double_first_space,True,False,correct_wrong,0.023432791233062744,10.725149154663086,0.17307692307692313
fact_0029,12,leading_space,trailing_space,False,False,wrong_wrong,0.08871865272521973,21.945396423339844,0.34426229508196726
fact_0029,12,leading_space,space_before_qmark,False,False,wrong_wrong,0.085959792137146,21.542198181152344,0.39682539682539686
fact_0029,12,leading_space,no_qmark,False,False,wrong_wrong,0.11810302734375,25.32026481628418,0.46875
fact_0029,12,leading_space,lower_first_char,False,False,wrong_wrong,0.11866700649261475,25.127145767211914,0.4516129032258065
fact_0029,12,leading_space,double_first_space,False,False,wrong_wrong,0.07826197147369385,20.58574104309082,0.2931034482758621
fact_0029,12,trailing_space,space_before_qmark,False,False,wrong_wrong,0.038587331771850586,13.913459777832031,0.24561403508771928
fact_0029,12,trailing_space,no_qmark,False,False,wrong_wrong,0.0748206377029419,19.57156753540039,0.4098360655737705
fact_0029,12,trailing_space,lower_first_char,False,False,wrong_wrong,0.04650688171386719,15.209010124206543,0.2407407407407407
fact_0029,12,trailing_space,double_first_space,False,False,wrong_wrong,0.015393197536468506,8.816224098205566,0.11538461538461542
fact_0029,12,space_before_qmark,no_qmark,False,False,wrong_wrong,0.0888286828994751,21.1602725982666,0.46031746031746035
fact_0029,12,space_before_qmark,lower_first_char,False,False,wrong_wrong,0.07165992259979248,18.579177856445312,0.3620689655172413
fact_0029,12,space_before_qmark,double_first_space,False,False,wrong_wrong,0.04066580533981323,14.13409423828125,0.25
fact_0029,12,no_qmark,lower_first_char,False,False,wrong_wrong,0.06417727470397949,17.91294288635254,0.32727272727272727
fact_0029,12,no_qmark,double_first_space,False,False,wrong_wrong,0.05408412218093872,16.5391845703125,0.33333333333333337
fact_0029,12,lower_first_char,double_first_space,False,False,wrong_wrong,0.04655426740646362,15.010009765625,0.2777777777777778
fact_0031,6,original,leading_space,True,True,correct_correct,0.02270972728729248,10.076319694519043,0.2857142857142857
fact_0031,6,original,trailing_space,True,True,correct_correct,0.01669001579284668,8.272183418273926,0.24390243902439024
fact_0031,6,original,space_before_qmark,True,True,correct_correct,0.007240772247314453,5.487465858459473,0.15384615384615385
fact_0031,6,original,no_qmark,True,False,correct_wrong,0.023730695247650146,10.001092910766602,0.32608695652173914
fact_0031,6,original,lower_first_char,True,False,correct_wrong,0.01868414878845215,8.755961418151855,0.23076923076923073
fact_0031,6,original,double_first_space,True,False,correct_wrong,0.012221097946166992,7.106851100921631,0.23684210526315785
fact_0031,6,leading_space,trailing_space,True,True,correct_correct,0.031253814697265625,11.800071716308594,0.3829787234042553
fact_0031,6,leading_space,space_before_qmark,True,True,correct_correct,0.026771903038024902,10.899487495422363,0.34782608695652173
fact_0031,6,leading_space,no_qmark,True,False,correct_wrong,0.04903113842010498,14.694814682006836,0.4716981132075472
fact_0031,6,leading_space,lower_first_char,True,False,correct_wrong,0.038736820220947266,13.129210472106934,0.4130434782608695
fact_0031,6,leading_space,double_first_space,True,False,correct_wrong,0.028673648834228516,11.279542922973633,0.38636363636363635
fact_0031,6,trailing_space,space_before_qmark,True,True,correct_correct,0.01849907636642456,8.744394302368164,0.2727272727272727
fact_0031,6,trailing_space,no_qmark,True,False,correct_wrong,0.04341733455657959,13.467756271362305,0.4423076923076923
fact_0031,6,trailing_space,lower_first_char,True,False,correct_wrong,0.029453694820404053,10.826827049255371,0.37777777777777777
fact_0031,6,trailing_space,double_first_space,True,False,correct_wrong,0.022889256477355957,9.67990493774414,0.34883720930232553
fact_0031,6,space_before_qmark,no_qmark,True,False,correct_wrong,0.022190332412719727,9.682474136352539,0.276595744680851
fact_0031,6,space_before_qmark,lower_first_char,True,False,correct_wrong,0.020232677459716797,9.157120704650879,0.26190476190476186
fact_0031,6,space_before_qmark,double_first_space,True,False,correct_wrong,0.015950679779052734,8.141073226928711,0.2682926829268293
fact_0031,6,no_qmark,lower_first_char,False,False,wrong_wrong,0.042862772941589355,13.364517211914062,0.375
fact_0031,6,no_qmark,double_first_space,False,False,wrong_wrong,0.03349179029464722,11.872918128967285,0.41666666666666663
fact_0031,6,lower_first_char,double_first_space,False,False,wrong_wrong,0.027493715286254883,10.585702896118164,0.3414634146341463
fact_0031,9,original,leading_space,True,True,correct_correct,0.11763978004455566,18.906967163085938,0.4545454545454546
fact_0031,9,original,trailing_space,True,True,correct_correct,0.01421743631362915,6.863719940185547,0.12903225806451613
fact_0031,9,original,space_before_qmark,True,True,correct_correct,0.016451358795166016,7.3450703620910645,0.125
fact_0031,9,original,no_qmark,True,False,correct_wrong,0.03947293758392334,11.269001960754395,0.23684210526315785
fact_0031,9,original,lower_first_char,True,False,correct_wrong,0.053331851959228516,13.116556167602539,0.2571428571428571
fact_0031,9,original,double_first_space,True,False,correct_wrong,0.020183920860290527,8.204505920410156,0.1875
fact_0031,9,leading_space,trailing_space,True,True,correct_correct,0.12929856777191162,20.16735076904297,0.4193548387096774
fact_0031,9,leading_space,space_before_qmark,True,True,correct_correct,0.1400146484375,20.910430908203125,0.4545454545454546
fact_0031,9,leading_space,no_qmark,True,False,correct_wrong,0.17147326469421387,22.95157814025879,0.5853658536585367
fact_0031,9,leading_space,lower_first_char,True,False,correct_wrong,0.15263640880584717,21.713340759277344,0.47058823529411764
fact_0031,9,leading_space,double_first_space,True,False,correct_wrong,0.11333400011062622,19.00193977355957,0.3666666666666667
fact_0031,9,trailing_space,space_before_qmark,True,True,correct_correct,0.027935922145843506,9.626715660095215,0.24242424242424243
fact_0031,9,trailing_space,no_qmark,True,False,correct_wrong,0.05909210443496704,13.947489738464355,0.33333333333333337
fact_0031,9,trailing_space,lower_first_char,True,False,correct_wrong,0.050871849060058594,12.955315589904785,0.2647058823529411
fact_0031,9,trailing_space,double_first_space,True,False,correct_wrong,0.020366191864013672,8.25749683380127,0.25
fact_0031,9,space_before_qmark,no_qmark,True,False,correct_wrong,0.04813027381896973,12.563324928283691,0.28205128205128205
fact_0031,9,space_before_qmark,lower_first_char,True,False,correct_wrong,0.043423235416412354,11.946284294128418,0.20588235294117652
fact_0031,9,space_before_qmark,double_first_space,True,False,correct_wrong,0.027973532676696777,9.664341926574707,0.24242424242424243
fact_0031,9,no_qmark,lower_first_char,False,False,wrong_wrong,0.07209122180938721,15.322770118713379,0.38095238095238093
fact_0031,9,no_qmark,double_first_space,False,False,wrong_wrong,0.05839419364929199,13.911140441894531,0.375
fact_0031,9,lower_first_char,double_first_space,False,False,wrong_wrong,0.056924402713775635,13.747944831848145,0.3142857142857143
fact_0031,12,original,leading_space,True,True,correct_correct,0.11737573146820068,24.45440673828125,0.5294117647058824
fact_0031,12,original,trailing_space,True,True,correct_correct,0.023066282272338867,10.514768600463867,0.2432432432432432
fact_0031,12,original,space_before_qmark,True,True,correct_correct,0.03464007377624512,12.893531799316406,0.32558139534883723
fact_0031,12,original,no_qmark,True,False,correct_wrong,0.06863409280776978,18.611623764038086,0.43999999999999995
fact_0031,12,original,lower_first_char,True,False,correct_wrong,0.04330414533615112,14.197297096252441,0.28205128205128205
fact_0031,12,original,double_first_space,True,False,correct_wrong,0.02827751636505127,11.655976295471191,0.2894736842105263
fact_0031,12,leading_space,trailing_space,True,True,correct_correct,0.10529500246047974,23.23232078552246,0.46808510638297873
fact_0031,12,leading_space,space_before_qmark,True,True,correct_correct,0.1148298978805542,24.26036834716797,0.537037037037037
fact_0031,12,leading_space,no_qmark,True,False,correct_wrong,0.16975677013397217,29.89649772644043,0.6290322580645161
fact_0031,12,leading_space,lower_first_char,True,False,correct_wrong,0.1353103518486023,26.060623168945312,0.5769230769230769
fact_0031,12,leading_space,double_first_space,True,False,correct_wrong,0.09928750991821289,22.57929229736328,0.46808510638297873
fact_0031,12,trailing_space,space_before_qmark,True,True,correct_correct,0.030160367488861084,12.075674057006836,0.275
fact_0031,12,trailing_space,no_qmark,True,False,correct_wrong,0.08904165029525757,21.211280822753906,0.5
fact_0031,12,trailing_space,lower_first_char,True,False,correct_wrong,0.05686914920806885,16.36635971069336,0.3589743589743589
fact_0031,12,trailing_space,double_first_space,True,False,correct_wrong,0.011251211166381836,7.378147125244141,0.12121212121212122
fact_0031,12,space_before_qmark,no_qmark,True,False,correct_wrong,0.08293420076370239,20.48504066467285,0.4814814814814815
fact_0031,12,space_before_qmark,lower_first_char,True,False,correct_wrong,0.0645398497581482,17.443044662475586,0.38636363636363635
fact_0031,12,space_before_qmark,double_first_space,True,False,correct_wrong,0.03530895709991455,13.078680038452148,0.31707317073170727
fact_0031,12,no_qmark,lower_first_char,False,False,wrong_wrong,0.08586090803146362,20.695789337158203,0.4901960784313726
fact_0031,12,no_qmark,double_first_space,False,False,wrong_wrong,0.09408348798751831,21.81229019165039,0.5294117647058824
fact_0031,12,lower_first_char,double_first_space,False,False,wrong_wrong,0.05620086193084717,16.297897338867188,0.3589743589743589
fact_0042,6,original,leading_space,True,False,correct_wrong,0.02018880844116211,9.516164779663086,0.32432432432432434
fact_0042,6,original,trailing_space,True,True,correct_correct,0.01579141616821289,7.883862495422363,0.29729729729729726
fact_0042,6,original,space_before_qmark,True,True,correct_correct,0.008923351764678955,5.921507358551025,0.18181818181818177
fact_0042,6,original,no_qmark,True,False,correct_wrong,0.029054105281829834,10.611429214477539,0.375
fact_0042,6,original,lower_first_char,True,True,correct_correct,0.01960444450378418,8.702454566955566,0.25
fact_0042,6,original,double_first_space,True,True,correct_correct,0.009782671928405762,6.2081990242004395,0.19354838709677424
fact_0042,6,leading_space,trailing_space,False,True,correct_wrong,0.028504014015197754,11.14415168762207,0.40476190476190477
fact_0042,6,leading_space,space_before_qmark,False,True,correct_wrong,0.02559959888458252,10.595776557922363,0.4
fact_0042,6,leading_space,no_qmark,False,False,wrong_wrong,0.04160892963409424,13.405538558959961,0.4666666666666667
fact_0042,6,leading_space,lower_first_char,False,True,correct_wrong,0.04001009464263916,13.228490829467773,0.4772727272727273
fact_0042,6,leading_space,double_first_space,False,True,correct_wrong,0.022985994815826416,10.060272216796875,0.3783783783783784
fact_0042,6,trailing_space,space_before_qmark,True,True,correct_correct,0.020012974739074707,8.892989158630371,0.33333333333333337
fact_0042,6,trailing_space,no_qmark,True,False,correct_wrong,0.0356287956237793,11.806248664855957,0.4444444444444444
fact_0042,6,trailing_space,lower_first_char,True,True,correct_correct,0.030185699462890625,10.847992897033691,0.38095238095238093
fact_0042,6,trailing_space,double_first_space,True,True,correct_correct,0.01609623432159424,7.98179817199707,0.2571428571428571
fact_0042,6,space_before_qmark,no_qmark,True,False,correct_wrong,0.028127193450927734,10.480842590332031,0.36585365853658536
fact_0042,6,space_before_qmark,lower_first_char,True,True,correct_correct,0.020975112915039062,9.052825927734375,0.2894736842105263
fact_0042,6,space_before_qmark,double_first_space,True,True,correct_correct,0.016762137413024902,8.1386079788208,0.2941176470588235
fact_0042,6,no_qmark,lower_first_char,False,True,correct_wrong,0.04575216770172119,13.178605079650879,0.4444444444444444
fact_0042,6,no_qmark,double_first_space,False,True,correct_wrong,0.03900253772735596,12.350668907165527,0.46341463414634143
fact_0042,6,lower_first_char,double_first_space,True,True,correct_correct,0.027783513069152832,10.41342544555664,0.3513513513513513
fact_0042,9,original,leading_space,True,False,correct_wrong,0.08918237686157227,16.65668296813965,0.3666666666666667
fact_0042,9,original,trailing_space,True,True,correct_correct,0.009275257587432861,5.613349437713623,0.07407407407407407
fact_0042,9,original,space_before_qmark,True,True,correct_correct,0.019215524196624756,7.833990097045898,0.2068965517241379
fact_0042,9,original,no_qmark,True,False,correct_wrong,0.05252265930175781,13.270620346069336,0.25
fact_0042,9,original,lower_first_char,True,True,correct_correct,0.04054969549179077,11.39614486694336,0.13793103448275867
fact_0042,9,original,double_first_space,True,True,correct_correct,0.00608670711517334,4.572307109832764,0.03703703703703709
fact_0042,9,leading_space,trailing_space,False,True,correct_wrong,0.10718667507171631,18.594709396362305,0.3666666666666667
fact_0042,9,leading_space,space_before_qmark,False,True,correct_wrong,0.11745697259902954,19.141918182373047,0.4193548387096774
fact_0042,9,leading_space,no_qmark,False,False,wrong_wrong,0.16838431358337402,23.427011489868164,0.4411764705882353
fact_0042,9,leading_space,lower_first_char,False,True,correct_wrong,0.11345672607421875,18.846189498901367,0.40625
fact_0042,9,leading_space,double_first_space,False,True,correct_wrong,0.09822267293930054,17.78829574584961,0.3870967741935484
fact_0042,9,trailing_space,space_before_qmark,True,True,correct_correct,0.02609384059906006,9.30157470703125,0.2666666666666667
fact_0042,9,trailing_space,no_qmark,True,False,correct_wrong,0.0456315279006958,12.459417343139648,0.25
fact_0042,9,trailing_space,lower_first_char,True,True,correct_correct,0.037529587745666504,11.142751693725586,0.13793103448275867
fact_0042,9,trailing_space,double_first_space,True,True,correct_correct,0.004327654838562012,3.810173988342285,0.03703703703703709
fact_0042,9,space_before_qmark,no_qmark,True,False,correct_wrong,0.056009650230407715,13.705522537231445,0.303030303030303
fact_0042,9,space_before_qmark,lower_first_char,True,True,correct_correct,0.06473398208618164,14.418188095092773,0.3125
fact_0042,9,space_before_qmark,double_first_space,True,True,correct_correct,0.022652387619018555,8.659096717834473,0.23333333333333328
fact_0042,9,no_qmark,lower_first_char,False,True,correct_wrong,0.06001549959182739,14.190301895141602,0.24242424242424243
fact_0042,9,no_qmark,double_first_space,False,True,correct_wrong,0.04598337411880493,12.49959945678711,0.2727272727272727
fact_0042,9,lower_first_char,double_first_space,True,True,correct_correct,0.039553165435791016,11.423038482666016,0.16666666666666663
fact_0042,12,original,leading_space,True,False,correct_wrong,0.08209359645843506,20.92368507385254,0.4
fact_0042,12,original,trailing_space,True,True,correct_correct,0.03297609090805054,12.880134582519531,0.276595744680851
fact_0042,12,original,space_before_qmark,True,True,correct_correct,0.03438502550125122,12.999184608459473,0.25
fact_0042,12,original,no_qmark,True,False,correct_wrong,0.07897543907165527,20.553836822509766,0.4181818181818182
fact_0042,12,original,lower_first_char,True,True,correct_correct,0.04242497682571411,14.496691703796387,0.28888888888888886
fact_0042,12,original,double_first_space,True,True,correct_correct,0.024228394031524658,11.039241790771484,0.21739130434782605
fact_0042,12,leading_space,trailing_space,False,True,correct_wrong,0.09529983997344971,22.607404708862305,0.4655172413793104
fact_0042,12,leading_space,space_before_qmark,False,True,correct_wrong,0.09076917171478271,21.97749900817871,0.4137931034482759
fact_0042,12,leading_space,no_qmark,False,False,wrong_wrong,0.1213330626487732,25.94504737854004,0.467741935483871
fact_0042,12,leading_space,lower_first_char,False,True,correct_wrong,0.10632437467575073,23.793916702270508,0.4545454545454546
fact_0042,12,leading_space,double_first_space,False,True,correct_wrong,0.08110272884368896,20.86625862121582,0.3928571428571429
fact_0042,12,trailing_space,space_before_qmark,True,True,correct_correct,0.03298139572143555,12.8800048828125,0.26530612244897955
fact_0042,12,trailing_space,no_qmark,True,False,correct_wrong,0.09337645769119263,22.400733947753906,0.48275862068965514
fact_0042,12,trailing_space,lower_first_char,True,True,correct_correct,0.03932148218154907,14.090169906616211,0.2272727272727273
fact_0042,12,trailing_space,double_first_space,True,True,correct_correct,0.0183103084564209,9.655599594116211,0.15555555555555556
fact_0042,12,space_before_qmark,no_qmark,True,False,correct_wrong,0.08438366651535034,21.22897720336914,0.4576271186440678
fact_0042,12,space_before_qmark,lower_first_char,True,True,correct_correct,0.06832712888717651,18.3919620513916,0.38
fact_0042,12,space_before_qmark,double_first_space,True,True,correct_correct,0.02759110927581787,11.775313377380371,0.20833333333333337
fact_0042,12,no_qmark,lower_first_char,False,True,correct_wrong,0.09769827127456665,22.84359359741211,0.4444444444444444
fact_0042,12,no_qmark,double_first_space,False,True,correct_wrong,0.08507037162780762,21.385351181030273,0.4385964912280702
fact_0042,12,lower_first_char,double_first_space,True,True,correct_correct,0.03836613893508911,13.908012390136719,0.24444444444444446
fact_0043,6,original,leading_space,True,True,correct_correct,0.02047431468963623,9.728583335876465,0.2857142857142857
fact_0043,6,original,trailing_space,True,True,correct_correct,0.012844860553741455,7.4112443923950195,0.22499999999999998
fact_0043,6,original,space_before_qmark,True,True,correct_correct,0.011020898818969727,6.871118545532227,0.2142857142857143
fact_0043,6,original,no_qmark,True,False,correct_wrong,0.02808237075805664,10.924991607666016,0.34782608695652173
fact_0043,6,original,lower_first_char,True,True,correct_correct,0.018829941749572754,8.977025985717773,0.25
fact_0043,6,original,double_first_space,True,True,correct_correct,0.011171579360961914,6.946048259735107,0.2142857142857143
fact_0043,6,leading_space,trailing_space,True,True,correct_correct,0.024732232093811035,10.692179679870605,0.34883720930232553
fact_0043,6,leading_space,space_before_qmark,True,True,correct_correct,0.026600897312164307,11.059786796569824,0.3695652173913043
fact_0043,6,leading_space,no_qmark,True,False,correct_wrong,0.04707413911819458,14.605612754821777,0.5098039215686274
fact_0043,6,leading_space,lower_first_char,True,True,correct_correct,0.03414100408554077,12.580924034118652,0.37209302325581395
fact_0043,6,leading_space,double_first_space,True,True,correct_correct,0.019358158111572266,9.455506324768066,0.2558139534883721
fact_0043,6,trailing_space,space_before_qmark,True,True,correct_correct,0.020919084548950195,9.419926643371582,0.3555555555555555
fact_0043,6,trailing_space,no_qmark,True,False,correct_wrong,0.03648322820663452,12.370556831359863,0.4042553191489362
fact_0043,6,trailing_space,lower_first_char,True,True,correct_correct,0.02857041358947754,10.9112548828125,0.39534883720930236
fact_0043,6,trailing_space,double_first_space,True,True,correct_correct,0.018163681030273438,8.833860397338867,0.31818181818181823
fact_0043,6,space_before_qmark,no_qmark,True,False,correct_wrong,0.032387614250183105,11.683764457702637,0.3877551020408163
fact_0043,6,space_before_qmark,lower_first_char,True,True,correct_correct,0.02164900302886963,9.549334526062012,0.3023255813953488
fact_0043,6,space_before_qmark,double_first_space,True,True,correct_correct,0.018014907836914062,8.804305076599121,0.30434782608695654
fact_0043,6,no_qmark,lower_first_char,False,True,correct_wrong,0.04713320732116699,13.907801628112793,0.45833333333333337
fact_0043,6,no_qmark,double_first_space,False,True,correct_wrong,0.032230377197265625,11.732918739318848,0.3877551020408163
fact_0043,6,lower_first_char,double_first_space,True,True,correct_correct,0.029851317405700684,11.288796424865723,0.37777777777777777
fact_0043,9,original,leading_space,True,True,correct_correct,0.06644529104232788,14.399174690246582,0.2222222222222222
fact_0043,9,original,trailing_space,True,True,correct_correct,0.010797262191772461,6.113643169403076,0.1428571428571429
fact_0043,9,original,space_before_qmark,True,True,correct_correct,0.010721206665039062,5.866608142852783,0.11111111111111116
fact_0043,9,original,no_qmark,True,False,correct_wrong,0.03495150804519653,10.89259147644043,0.23333333333333328
fact_0043,9,original,lower_first_char,True,True,correct_correct,0.03852498531341553,11.359244346618652,0.1724137931034483
fact_0043,9,original,double_first_space,True,True,correct_correct,0.011842489242553711,6.229199409484863,0.14814814814814814
fact_0043,9,leading_space,trailing_space,True,True,correct_correct,0.07920795679092407,16.12859344482422,0.27586206896551724
fact_0043,9,leading_space,space_before_qmark,True,True,correct_correct,0.08179599046707153,15.949389457702637,0.31034482758620685
fact_0043,9,leading_space,no_qmark,True,False,correct_wrong,0.11194074153900146,19.167016983032227,0.3548387096774194
fact_0043,9,leading_space,lower_first_char,True,True,correct_correct,0.09733468294143677,17.80988883972168,0.30000000000000004
fact_0043,9,leading_space,double_first_space,True,True,correct_correct,0.0679786205291748,14.723285675048828,0.2857142857142857
fact_0043,9,trailing_space,space_before_qmark,True,True,correct_correct,0.015306234359741211,7.23502254486084,0.1724137931034483
fact_0043,9,trailing_space,no_qmark,True,False,correct_wrong,0.040752530097961426,11.8361234664917,0.28125
fact_0043,9,trailing_space,lower_first_char,True,True,correct_correct,0.04550039768218994,12.46496295928955,0.28125
fact_0043,9,trailing_space,double_first_space,True,True,correct_correct,0.01110827922821045,6.1513214111328125,0.1428571428571429
fact_0043,9,space_before_qmark,no_qmark,True,False,correct_wrong,0.03738361597061157,11.2582426071167,0.19999999999999996
fact_0043,9,space_before_qmark,lower_first_char,True,True,correct_correct,0.03301900625228882,10.526177406311035,0.19999999999999996
fact_0043,9,space_before_qmark,double_first_space,True,True,correct_correct,0.014678120613098145,6.930084228515625,0.11111111111111116
fact_0043,9,no_qmark,lower_first_char,False,True,correct_wrong,0.04374587535858154,12.257974624633789,0.303030303030303
fact_0043,9,no_qmark,double_first_space,False,True,correct_wrong,0.03827512264251709,11.406046867370605,0.29032258064516125
fact_0043,9,lower_first_char,double_first_space,True,True,correct_correct,0.04104781150817871,11.753418922424316,0.23333333333333328
fact_0043,12,original,leading_space,True,True,correct_correct,0.0778038501739502,19.65806007385254,0.375
fact_0043,12,original,trailing_space,True,True,correct_correct,0.00877070426940918,6.440558910369873,0.08333333333333337
fact_0043,12,original,space_before_qmark,True,True,correct_correct,0.014383554458618164,8.070914268493652,0.1351351351351351
fact_0043,12,original,no_qmark,True,False,correct_wrong,0.05261296033859253,16.753549575805664,0.33333333333333337
fact_0043,12,original,lower_first_char,True,True,correct_correct,0.03809314966201782,13.173200607299805,0.24390243902439024
fact_0043,12,original,double_first_space,True,True,correct_correct,0.008167088031768799,6.094179153442383,0.08108108108108103
fact_0043,12,leading_space,trailing_space,True,True,correct_correct,0.08319860696792603,20.38231086730957,0.39583333333333337
fact_0043,12,leading_space,space_before_qmark,True,True,correct_correct,0.08909767866134644,20.964439392089844,0.4285714285714286
fact_0043,12,leading_space,no_qmark,True,False,correct_wrong,0.11516821384429932,24.72014045715332,0.5084745762711864
fact_0043,12,leading_space,lower_first_char,True,True,correct_correct,0.10418015718460083,22.673377990722656,0.46153846153846156
fact_0043,12,leading_space,double_first_space,True,True,correct_correct,0.08269709348678589,20.242393493652344,0.42000000000000004
fact_0043,12,trailing_space,space_before_qmark,True,True,correct_correct,0.01730877161026001,9.041009902954102,0.16216216216216217
fact_0043,12,trailing_space,no_qmark,True,False,correct_wrong,0.05589175224304199,17.183311462402344,0.35416666666666663
fact_0043,12,trailing_space,lower_first_char,True,True,correct_correct,0.031715452671051025,12.163704872131348,0.17948717948717952
fact_0043,12,trailing_space,double_first_space,True,True,correct_correct,0.012659966945648193,7.724946022033691,0.10810810810810811
fact_0043,12,space_before_qmark,no_qmark,True,False,correct_wrong,0.06075417995452881,17.987417221069336,0.3877551020408163
fact_0043,12,space_before_qmark,lower_first_char,True,True,correct_correct,0.040366172790527344,13.470559120178223,0.22499999999999998
fact_0043,12,space_before_qmark,double_first_space,True,True,correct_correct,0.025375545024871826,10.666409492492676,0.20512820512820518
fact_0043,12,no_qmark,lower_first_char,False,True,correct_wrong,0.0590701699256897,17.69098663330078,0.326530612244898
fact_0043,12,no_qmark,double_first_space,False,True,correct_wrong,0.05105865001678467,16.541715621948242,0.3125
fact_0043,12,lower_first_char,double_first_space,True,True,correct_correct,0.04063153266906738,13.578167915344238,0.26190476190476186
fact_0047,6,original,leading_space,True,False,correct_wrong,0.018369615077972412,9.041028022766113,0.3076923076923077
fact_0047,6,original,trailing_space,True,True,correct_correct,0.008893847465515137,6.226958274841309,0.16666666666666663
fact_0047,6,original,space_before_qmark,True,True,correct_correct,0.006716251373291016,5.409844398498535,0.1578947368421053
fact_0047,6,original,no_qmark,True,True,correct_correct,0.018778204917907715,9.019527435302734,0.2195121951219512
fact_0047,6,original,lower_first_char,True,True,correct_correct,0.010038614273071289,6.577873706817627,0.16216216216216217
fact_0047,6,original,double_first_space,True,False,correct_wrong,0.0031810402870178223,3.7075107097625732,0.05882352941176472
fact_0047,6,leading_space,trailing_space,False,True,correct_wrong,0.01656937599182129,8.694700241088867,0.2702702702702703
fact_0047,6,leading_space,space_before_qmark,False,True,correct_wrong,0.01921778917312622,9.249332427978516,0.30000000000000004
fact_0047,6,leading_space,no_qmark,False,True,correct_wrong,0.038430988788604736,13.053487777709961,0.38636363636363635
fact_0047,6,leading_space,lower_first_char,False,True,correct_wrong,0.024407804012298584,10.428586959838867,0.35
fact_0047,6,leading_space,double_first_space,False,False,wrong_wrong,0.015437185764312744,8.314496040344238,0.2702702702702703
fact_0047,6,trailing_space,space_before_qmark,True,True,correct_correct,0.013619422912597656,7.738698482513428,0.2564102564102564
fact_0047,6,trailing_space,no_qmark,True,True,correct_correct,0.03307604789733887,11.894034385681152,0.34883720930232553
fact_0047,6,trailing_space,lower_first_char,True,True,correct_correct,0.014282464981079102,7.676910400390625,0.21621621621621623
fact_0047,6,trailing_space,double_first_space,True,False,correct_wrong,0.006709396839141846,5.351204872131348,0.11764705882352944
fact_0047,6,space_before_qmark,no_qmark,True,True,correct_correct,0.01796281337738037,8.850814819335938,0.2142857142857143
fact_0047,6,space_before_qmark,lower_first_char,True,True,correct_correct,0.014097094535827637,7.843543529510498,0.25
fact_0047,6,space_before_qmark,double_first_space,True,False,correct_wrong,0.008159875869750977,5.9686994552612305,0.16216216216216217
fact_0047,6,no_qmark,lower_first_char,True,True,correct_correct,0.03273642063140869,11.840429306030273,0.34090909090909094
fact_0047,6,no_qmark,double_first_space,True,False,correct_wrong,0.023083209991455078,9.973806381225586,0.2682926829268293
fact_0047,6,lower_first_char,double_first_space,True,False,correct_wrong,0.012226104736328125,7.181685924530029,0.16666666666666663
fact_0047,9,original,leading_space,True,False,correct_wrong,0.06796824932098389,13.922341346740723,0.3214285714285714
fact_0047,9,original,trailing_space,True,True,correct_correct,0.02711421251296997,9.057082176208496,0.31034482758620685
fact_0047,9,original,space_before_qmark,True,True,correct_correct,0.023941338062286377,8.360074996948242,0.2666666666666667
fact_0047,9,original,no_qmark,True,True,correct_correct,0.03425568342208862,9.98119068145752,0.29032258064516125
fact_0047,9,original,lower_first_char,True,True,correct_correct,0.03566157817840576,10.687844276428223,0.2142857142857143
fact_0047,9,original,double_first_space,True,False,correct_wrong,0.023032009601593018,8.254557609558105,0.2592592592592593
fact_0047,9,leading_space,trailing_space,False,True,correct_wrong,0.08351850509643555,15.658275604248047,0.3571428571428571
fact_0047,9,leading_space,space_before_qmark,False,True,correct_wrong,0.08533817529678345,15.359631538391113,0.4193548387096774
fact_0047,9,leading_space,no_qmark,False,True,correct_wrong,0.08914601802825928,15.64057731628418,0.4375
fact_0047,9,leading_space,lower_first_char,False,True,correct_wrong,0.09201663732528687,16.909456253051758,0.3793103448275862
fact_0047,9,leading_space,double_first_space,False,False,wrong_wrong,0.06643164157867432,13.801969528198242,0.3076923076923077
fact_0047,9,trailing_space,space_before_qmark,True,True,correct_correct,0.025875449180603027,8.850050926208496,0.24137931034482762
fact_0047,9,trailing_space,no_qmark,True,True,correct_correct,0.03179866075515747,9.793333053588867,0.2068965517241379
fact_0047,9,trailing_space,lower_first_char,True,True,correct_correct,0.03732782602310181,10.922590255737305,0.25
fact_0047,9,trailing_space,double_first_space,True,False,correct_wrong,0.007678031921386719,4.850855827331543,0.08333333333333337
fact_0047,9,space_before_qmark,no_qmark,True,True,correct_correct,0.027471303939819336,8.842194557189941,0.22580645161290325
fact_0047,9,space_before_qmark,lower_first_char,True,True,correct_correct,0.05114954710006714,12.744694709777832,0.32258064516129037
fact_0047,9,space_before_qmark,double_first_space,True,False,correct_wrong,0.0336076021194458,9.916592597961426,0.31034482758620685
fact_0047,9,no_qmark,lower_first_char,True,True,correct_correct,0.05143129825592041,12.785929679870605,0.29032258064516125
fact_0047,9,no_qmark,double_first_space,True,False,correct_wrong,0.03855615854263306,10.606691360473633,0.27586206896551724
fact_0047,9,lower_first_char,double_first_space,True,False,correct_wrong,0.032100796699523926,10.152880668640137,0.1923076923076923
fact_0047,12,original,leading_space,True,False,correct_wrong,0.11017978191375732,25.906646728515625,0.5571428571428572
fact_0047,12,original,trailing_space,True,True,correct_correct,0.03455817699432373,14.131599426269531,0.2542372881355932
fact_0047,12,original,space_before_qmark,True,True,correct_correct,0.021492063999176025,11.055807113647461,0.1454545454545455
fact_0047,12,original,no_qmark,True,True,correct_correct,0.05652976036071777,18.221824645996094,0.328125
fact_0047,12,original,lower_first_char,True,True,correct_correct,0.02908545732498169,12.980342864990234,0.1964285714285714
fact_0047,12,original,double_first_space,True,False,correct_wrong,0.03639405965805054,14.574699401855469,0.2833333333333333
fact_0047,12,leading_space,trailing_space,False,True,correct_wrong,0.10076141357421875,24.829017639160156,0.5217391304347826
fact_0047,12,leading_space,space_before_qmark,False,True,correct_wrong,0.13883864879608154,28.931121826171875,0.5774647887323944
fact_0047,12,leading_space,no_qmark,False,True,correct_wrong,0.13619709014892578,28.976661682128906,0.5866666666666667
fact_0047,12,leading_space,lower_first_char,False,True,correct_wrong,0.11260968446731567,26.25164031982422,0.5507246376811594
fact_0047,12,leading_space,double_first_space,False,False,wrong_wrong,0.08172976970672607,22.431503295898438,0.4776119402985075
fact_0047,12,trailing_space,space_before_qmark,True,True,correct_correct,0.05276221036911011,17.370853424072266,0.2833333333333333
fact_0047,12,trailing_space,no_qmark,True,True,correct_correct,0.0731053352355957,20.763206481933594,0.4117647058823529
fact_0047,12,trailing_space,lower_first_char,True,True,correct_correct,0.04964548349380493,17.001585006713867,0.3278688524590164
fact_0047,12,trailing_space,double_first_space,True,False,correct_wrong,0.029047727584838867,13.050345420837402,0.23728813559322037
fact_0047,12,space_before_qmark,no_qmark,True,True,correct_correct,0.04983466863632202,17.057891845703125,0.27419354838709675
fact_0047,12,space_before_qmark,lower_first_char,True,True,correct_correct,0.04374861717224121,15.845541000366211,0.2586206896551724
fact_0047,12,space_before_qmark,double_first_space,True,False,correct_wrong,0.061772286891937256,18.89259910583496,0.33870967741935487
fact_0047,12,no_qmark,lower_first_char,True,True,correct_correct,0.06593221426010132,19.734689712524414,0.34375
fact_0047,12,no_qmark,double_first_space,True,False,correct_wrong,0.06027340888977051,18.917980194091797,0.3384615384615385
fact_0047,12,lower_first_char,double_first_space,True,False,correct_wrong,0.04871690273284912,16.910804748535156,0.3278688524590164
fact_0059,6,original,leading_space,False,False,wrong_wrong,0.012353777885437012,7.439770698547363,0.18181818181818177
fact_0059,6,original,trailing_space,False,False,wrong_wrong,0.012000560760498047,6.989089488983154,0.22857142857142854
fact_0059,6,original,space_before_qmark,False,False,wrong_wrong,0.006463944911956787,5.162002086639404,0.1515151515151515
fact_0059,6,original,no_qmark,False,True,correct_wrong,0.03623640537261963,12.32583236694336,0.46341463414634143
fact_0059,6,original,lower_first_char,False,False,wrong_wrong,0.01911938190460205,8.80413818359375,0.3142857142857143
fact_0059,6,original,double_first_space,False,False,wrong_wrong,0.007848560810089111,5.675480842590332,0.18181818181818177
fact_0059,6,leading_space,trailing_space,False,False,wrong_wrong,0.0208624005317688,9.586237907409668,0.3157894736842105
fact_0059,6,leading_space,space_before_qmark,False,False,wrong_wrong,0.017250239849090576,8.701828002929688,0.29729729729729726
fact_0059,6,leading_space,no_qmark,False,True,correct_wrong,0.046253204345703125,14.171601295471191,0.4883720930232558
fact_0059,6,leading_space,lower_first_char,False,False,wrong_wrong,0.026763737201690674,10.906399726867676,0.3513513513513513
fact_0059,6,leading_space,double_first_space,False,False,wrong_wrong,0.014438986778259277,7.99479866027832,0.22857142857142854
fact_0059,6,trailing_space,space_before_qmark,False,False,wrong_wrong,0.013393282890319824,7.417937755584717,0.2432432432432432
fact_0059,6,trailing_space,no_qmark,False,True,correct_wrong,0.03600645065307617,12.273757934570312,0.36585365853658536
fact_0059,6,trailing_space,lower_first_char,False,False,wrong_wrong,0.026316523551940918,10.24865436553955,0.3846153846153846
fact_0059,6,trailing_space,double_first_space,False,False,wrong_wrong,0.018928170204162598,8.795001983642578,0.3589743589743589
fact_0059,6,space_before_qmark,no_qmark,False,True,correct_wrong,0.03998225927352905,12.96554183959961,0.4651162790697675
fact_0059,6,space_before_qmark,lower_first_char,False,False,wrong_wrong,0.01949101686477661,8.95120906829834,0.32432432432432434
fact_0059,6,space_before_qmark,double_first_space,False,False,wrong_wrong,0.012372970581054688,7.145077228546143,0.25
fact_0059,6,no_qmark,lower_first_char,True,False,correct_wrong,0.05213510990142822,14.699697494506836,0.5116279069767442
fact_0059,6,no_qmark,double_first_space,True,False,correct_wrong,0.03569185733795166,12.243080139160156,0.41463414634146345
fact_0059,6,lower_first_char,double_first_space,False,False,wrong_wrong,0.023775815963745117,9.834819793701172,0.3513513513513513
fact_0059,9,original,leading_space,False,False,wrong_wrong,0.05983531475067139,13.631240844726562,0.24
fact_0059,9,original,trailing_space,False,False,wrong_wrong,0.012152314186096191,6.535592079162598,0.15384615384615385
fact_0059,9,original,space_before_qmark,False,False,wrong_wrong,0.007901370525360107,5.060566425323486,0.08695652173913049
fact_0059,9,original,no_qmark,False,True,correct_wrong,0.03902745246887207,11.272546768188477,0.3666666666666667
fact_0059,9,original,lower_first_char,False,False,wrong_wrong,0.038564860820770264,11.234190940856934,0.24
fact_0059,9,original,double_first_space,False,False,wrong_wrong,0.005740642547607422,4.349857330322266,0.04347826086956519
fact_0059,9,leading_space,trailing_space,False,False,wrong_wrong,0.07383453845977783,15.659804344177246,0.2857142857142857
fact_0059,9,leading_space,space_before_qmark,False,False,wrong_wrong,0.06433743238449097,13.85645580291748,0.24
fact_0059,9,leading_space,no_qmark,False,True,correct_wrong,0.10456258058547974,18.16179656982422,0.46875
fact_0059,9,leading_space,lower_first_char,False,False,wrong_wrong,0.08258777856826782,16.230520248413086,0.3076923076923077
fact_0059,9,leading_space,double_first_space,False,False,wrong_wrong,0.05570262670516968,13.341190338134766,0.19999999999999996
fact_0059,9,trailing_space,space_before_qmark,False,False,wrong_wrong,0.012057960033416748,6.7416791915893555,0.15384615384615385
fact_0059,9,trailing_space,no_qmark,False,True,correct_wrong,0.039823830127716064,11.622873306274414,0.34375
fact_0059,9,trailing_space,lower_first_char,False,False,wrong_wrong,0.04725205898284912,12.666905403137207,0.2857142857142857
fact_0059,9,trailing_space,double_first_space,False,False,wrong_wrong,0.009726762771606445,5.80507755279541,0.11538461538461542
fact_0059,9,space_before_qmark,no_qmark,False,True,correct_wrong,0.03742194175720215,11.003129959106445,0.31034482758620685
fact_0059,9,space_before_qmark,lower_first_char,False,False,wrong_wrong,0.054862141609191895,13.317834854125977,0.3076923076923077
fact_0059,9,space_before_qmark,double_first_space,False,False,wrong_wrong,0.013546764850616455,6.725284576416016,0.125
fact_0059,9,no_qmark,lower_first_char,True,False,correct_wrong,0.0596044659614563,14.043013572692871,0.4193548387096774
fact_0059,9,no_qmark,double_first_space,True,False,correct_wrong,0.04171633720397949,11.718178749084473,0.3870967741935484
fact_0059,9,lower_first_char,double_first_space,False,False,wrong_wrong,0.039552927017211914,11.431983947753906,0.2692307692307693
fact_0059,12,original,leading_space,False,False,wrong_wrong,0.07372170686721802,20.01211929321289,0.3793103448275862
fact_0059,12,original,trailing_space,False,False,wrong_wrong,0.02062135934829712,10.276188850402832,0.16000000000000003
fact_0059,12,original,space_before_qmark,False,False,wrong_wrong,0.029709160327911377,12.071611404418945,0.1875
fact_0059,12,original,no_qmark,False,True,correct_wrong,0.0917477011680603,22.32342529296875,0.46031746031746035
fact_0059,12,original,lower_first_char,False,False,wrong_wrong,0.046257853507995605,15.245238304138184,0.28846153846153844
fact_0059,12,original,double_first_space,False,False,wrong_wrong,0.019477903842926025,9.980981826782227,0.16326530612244894
fact_0059,12,leading_space,trailing_space,False,False,wrong_wrong,0.0817602276802063,21.125682830810547,0.4
fact_0059,12,leading_space,space_before_qmark,False,False,wrong_wrong,0.10564875602722168,23.781707763671875,0.4576271186440678
fact_0059,12,leading_space,no_qmark,False,True,correct_wrong,0.12843680381774902,26.938453674316406,0.4925373134328358
fact_0059,12,leading_space,lower_first_char,False,False,wrong_wrong,0.09497183561325073,22.691680908203125,0.44999999999999996
fact_0059,12,leading_space,double_first_space,False,False,wrong_wrong,0.07352668046951294,20.042160034179688,0.3793103448275862
fact_0059,12,trailing_space,space_before_qmark,False,False,wrong_wrong,0.045843303203582764,15.22657299041748,0.28846153846153844
fact_0059,12,trailing_space,no_qmark,False,True,correct_wrong,0.08799701929092407,21.95612335205078,0.453125
fact_0059,12,trailing_space,lower_first_char,False,False,wrong_wrong,0.042916953563690186,14.833494186401367,0.25
fact_0059,12,trailing_space,double_first_space,False,False,wrong_wrong,0.013498961925506592,8.353729248046875,0.12244897959183676
fact_0059,12,space_before_qmark,no_qmark,False,True,correct_wrong,0.08049380779266357,20.923011779785156,0.43333333333333335
fact_0059,12,space_before_qmark,lower_first_char,False,False,wrong_wrong,0.0770806074142456,19.523141860961914,0.37735849056603776
fact_0059,12,space_before_qmark,double_first_space,False,False,wrong_wrong,0.04819369316101074,15.592297554016113,0.2941176470588235
fact_0059,12,no_qmark,lower_first_char,True,False,correct_wrong,0.13454669713974,27.00629234313965,0.5454545454545454
fact_0059,12,no_qmark,double_first_space,True,False,correct_wrong,0.08440184593200684,21.503732681274414,0.4354838709677419
fact_0059,12,lower_first_char,double_first_space,False,False,wrong_wrong,0.04266989231109619,14.782514572143555,0.2549019607843137
